Name,Time
person_3,2025-12-19 22:52:56.535183
person_3,2025-12-19 22:53:52.402874
person_1,2025-12-19 23:07:46.850718
person_2,2025-12-19 23:09:28.685924
person_2,2025-12-19 23:11:55.201052
person_2,2025-12-19 23:14:30.437597
person_3,2025-12-19 23:15:48.600900
person_3,2025-12-19 23:16:17.004348
person_1,2025-12-19 23:17:19.651586
person_3,2025-12-19 23:17:20.022371
person_2,2025-12-19 23:17:28.478988
person_1,2025-12-19 23:17:58.940734
person_3,2025-12-19 23:17:59.419151
person_1,2025-12-19 23:18:55.795658
person_1,2025-12-19 23:19:39.234908
person_2,2025-12-19 23:19:40.643830
person_3,2025-12-19 23:19:41.438895
